-- Demo seed data for the insurance POC.
-- Stable demo IDs (C001/P1001/...) plus Faker-generated rows.
-- Regenerate with: uv run python db/generate_seed.py
-- Re-run after schema.sql (schema drops tables).

BEGIN;

INSERT INTO customers (customer_id, full_name, email, region) VALUES
    ('C001', 'John Smith', 'john.smith@example.com', 'EAST'),
    ('C002', 'Maria Garcia', 'maria.garcia@example.com', 'WEST'),
    ('C003', 'Alex Chen', 'alex.chen@example.com', 'EAST'),
    ('C004', 'Allison Hill', 'donaldgarcia@example.net', 'EAST'),
    ('C005', 'Amanda Davis', 'williamjohnson@example.org', 'SOUTH'),
    ('C006', 'Kevin Pacheco', 'blakeerik@example.com', 'CENTRAL'),
    ('C007', 'Daniel Gallagher', 'daviscolin@example.com', 'CENTRAL'),
    ('C008', 'Monica Herrera', 'smiller@example.net', 'CENTRAL'),
    ('C009', 'Michele Williams', 'kendragalloway@example.org', 'EAST'),
    ('C010', 'Jesse Flowers', 'mitchellclark@example.com', 'EAST'),
    ('C011', 'Carolyn Daniel', 'stevennelson@example.net', 'WEST'),
    ('C012', 'Sarah Parsons', 'lydiatrujillo@example.com', 'CENTRAL'),
    ('C013', 'Thomas Bradley', 'jason76@example.net', 'SOUTH'),
    ('C014', 'Charles Mcgee', 'julie69@example.com', 'CENTRAL'),
    ('C015', 'Zachary Hicks', 'camposmichelle@example.org', 'WEST'),
    ('C016', 'Jennifer Brown', 'dcarlson@example.net', 'CENTRAL'),
    ('C017', 'Shannon Smith', 'maldonadoamanda@example.com', 'CENTRAL'),
    ('C018', 'Jeffrey Chavez', 'teresa28@example.org', 'CENTRAL'),
    ('C019', 'Katie Gonzalez', 'kathryn88@example.org', 'CENTRAL'),
    ('C020', 'Brian Cox DVM', 'john39@example.org', 'EAST'),
    ('C021', 'Rose Spence', 'davidalvarez@example.net', 'WEST'),
    ('C022', 'Shane Henderson', 'sarahcampos@example.net', 'WEST'),
    ('C023', 'Jennifer Powers', 'samuel87@example.org', 'WEST'),
    ('C024', 'George Chapman', 'briannasmith@example.net', 'EAST'),
    ('C025', 'Taylor Heath', 'palmerjoshua@example.com', 'WEST'),
    ('C026', 'Miranda Khan', 'esanchez@example.com', 'WEST'),
    ('C027', 'Matthew Gomez', 'uowens@example.org', 'EAST'),
    ('C028', 'Nicholas Mcbride', 'wrightjames@example.com', 'WEST'),
    ('C029', 'Donald Wright', 'ramosmichelle@example.net', 'EAST'),
    ('C030', 'Zachary Huff', 'housemelinda@example.org', 'SOUTH'),
    ('C031', 'Mr. James Brown', 'ysmith@example.com', 'SOUTH'),
    ('C032', 'Michael Cross', 'smoore@example.org', 'EAST'),
    ('C033', 'Kimberly Adkins', 'williamsthomas@example.net', 'WEST'),
    ('C034', 'Jordan York', 'larsonemma@example.org', 'SOUTH'),
    ('C035', 'Steve Sanchez', 'harveyrobert@example.net', 'CENTRAL'),
    ('C036', 'Christina Moran', 'josephanderson@example.net', 'CENTRAL'),
    ('C037', 'Timothy Walls', 'ellisyolanda@example.org', 'EAST'),
    ('C038', 'Katie Anderson', 'nicole35@example.com', 'WEST'),
    ('C039', 'Joshua Turner', 'contrerasangela@example.net', 'EAST'),
    ('C040', 'Brandy Wilson', 'newtoneric@example.com', 'WEST'),
    ('C041', 'Christina Walters', 'william40@example.org', 'SOUTH'),
    ('C042', 'Amanda Cook', 'danagreen@example.net', 'SOUTH'),
    ('C043', 'Jessica Smith', 'landryhannah@example.org', 'EAST'),
    ('C044', 'Lauren Hernandez', 'bobbydiaz@example.org', 'CENTRAL'),
    ('C045', 'David Garcia', 'vdickson@example.org', 'WEST'),
    ('C046', 'Vanessa Cochran', 'vjohnson@example.com', 'SOUTH'),
    ('C047', 'Sharon Cochran', 'erik16@example.org', 'SOUTH'),
    ('C048', 'Robert Stevens', 'lori33@example.org', 'WEST'),
    ('C049', 'Donald Jones', 'michael86@example.net', 'CENTRAL'),
    ('C050', 'Ashley Waller', 'beverlyterrell@example.org', 'EAST'),
    ('C051', 'Haley Hartman', 'gobrien@example.org', 'SOUTH'),
    ('C052', 'Cheryl Williams', 'zsmith@example.net', 'WEST'),
    ('C053', 'Benjamin Beck', 'cindy14@example.net', 'CENTRAL'),
    ('C054', 'Erika Terry', 'jamesortega@example.com', 'WEST'),
    ('C055', 'Elizabeth Kelley', 'torresjason@example.net', 'CENTRAL'),
    ('C056', 'Jeremy Lewis', 'yleon@example.net', 'WEST'),
    ('C057', 'Diane Beck', 'clarence34@example.org', 'WEST'),
    ('C058', 'Angel Riggs', 'gibsonolivia@example.net', 'WEST'),
    ('C059', 'Janet Ross', 'dianasmith@example.org', 'SOUTH'),
    ('C060', 'Robert Dominguez', 'pwilliams@example.org', 'SOUTH'),
    ('C061', 'John Schmidt', 'stephanie79@example.net', 'SOUTH'),
    ('C062', 'Kimberly Merritt', 'wcole@example.org', 'CENTRAL'),
    ('C063', 'Kelly Sims', 'scott43@example.com', 'CENTRAL'),
    ('C064', 'Joshua Taylor', 'patrickhernandez@example.org', 'EAST'),
    ('C065', 'Gary Owens', 'clarkrobert@example.net', 'EAST'),
    ('C066', 'Pamela James', 'benderkenneth@example.com', 'SOUTH'),
    ('C067', 'Morgan Marsh', 'tracynelson@example.com', 'EAST'),
    ('C068', 'Michael Yates', 'marycalhoun@example.net', 'EAST'),
    ('C069', 'Leslie Alvarado', 'dayderek@example.com', 'WEST'),
    ('C070', 'James Lewis', 'matthew64@example.com', 'CENTRAL'),
    ('C071', 'Julie Curry', 'cookemichael@example.net', 'EAST'),
    ('C072', 'Marissa Webster', 'jamessmith@example.org', 'WEST'),
    ('C073', 'Michael Elliott', 'stevenscott@example.com', 'WEST'),
    ('C074', 'Tracey Higgins', 'tamirodriguez@example.org', 'CENTRAL'),
    ('C075', 'Susan Brooks', 'charlesvaughn@example.net', 'WEST'),
    ('C076', 'Raymond Jefferson', 'hoganashlee@example.org', 'CENTRAL'),
    ('C077', 'Mary Jones', 'alexander67@example.org', 'SOUTH'),
    ('C078', 'Madison Poole', 'ryangross@example.net', 'CENTRAL'),
    ('C079', 'Tamara Hampton', 'ugraham@example.net', 'CENTRAL'),
    ('C080', 'David Michael', 'nicole37@example.net', 'SOUTH'),
    ('C081', 'Johnny Nguyen', 'zlewis@example.com', 'CENTRAL'),
    ('C082', 'Kyle Beard', 'blackjames@example.org', 'SOUTH'),
    ('C083', 'Peter Vaughn DDS', 'bwest@example.org', 'CENTRAL'),
    ('C084', 'Michael Torres', 'thomas85@example.com', 'CENTRAL'),
    ('C085', 'Jesse Parker', 'davidlee@example.org', 'WEST'),
    ('C086', 'Parker Hill', 'tina34@example.org', 'CENTRAL'),
    ('C087', 'Adrian Ferguson', 'brandon08@example.com', 'WEST'),
    ('C088', 'Nicole Garcia', 'andrewstaylor@example.com', 'CENTRAL'),
    ('C089', 'Anthony Everett', 'ewilson@example.com', 'SOUTH'),
    ('C090', 'Mark Brown', 'lisaavery@example.org', 'WEST'),
    ('C091', 'Phillip Obrien', 'kimberlyjames@example.com', 'CENTRAL'),
    ('C092', 'Wanda Torres', 'lynchjody@example.org', 'WEST'),
    ('C093', 'Brad Allen', 'moorericky@example.net', 'SOUTH'),
    ('C094', 'David Mann', 'ojones@example.com', 'WEST'),
    ('C095', 'Joshua Holland', 'margaret10@example.org', 'CENTRAL'),
    ('C096', 'Samantha Morse', 'smartinez@example.com', 'SOUTH'),
    ('C097', 'Kathryn Snyder', 'georgepamela@example.net', 'CENTRAL'),
    ('C098', 'Allison Perez', 'keyemily@example.com', 'EAST'),
    ('C099', 'Casey Stone', 'lmoon@example.net', 'SOUTH'),
    ('C100', 'Katherine Davis', 'ricky51@example.org', 'CENTRAL'),
    ('C101', 'Jon Bates', 'jcervantes@example.org', 'SOUTH'),
    ('C102', 'David Wilson', 'ahancock@example.net', 'SOUTH'),
    ('C103', 'Cody Cox', 'wgarrett@example.org', 'WEST'),
    ('C104', 'Carlos Roberts', 'omartinez@example.net', 'WEST'),
    ('C105', 'Emily Smith', 'hdavis@example.com', 'EAST'),
    ('C106', 'Brittany Cantu', 'william46@example.com', 'SOUTH'),
    ('C107', 'Juan Reyes', 'michellehill@example.com', 'CENTRAL'),
    ('C108', 'Katie Hoover', 'jessica99@example.net', 'SOUTH'),
    ('C109', 'Jill Washington', 'andrea86@example.com', 'CENTRAL'),
    ('C110', 'Veronica Allen', 'xhall@example.com', 'EAST'),
    ('C111', 'John Mcintyre', 'qhughes@example.net', 'WEST'),
    ('C112', 'Andrew Shaw MD', 'sawyerscott@example.net', 'SOUTH'),
    ('C113', 'Charles Pitts', 'charlesharrington@example.com', 'CENTRAL'),
    ('C114', 'Jennifer Miller', 'melissa86@example.com', 'SOUTH'),
    ('C115', 'Amanda Jones', 'wendy16@example.org', 'EAST'),
    ('C116', 'Michael Berger', 'nguyenbrian@example.com', 'CENTRAL'),
    ('C117', 'David Jenkins', 'georgemiller@example.com', 'WEST'),
    ('C118', 'Mr. David Little MD', 'nolansteven@example.com', 'WEST'),
    ('C119', 'Tony Huerta', 'danielle64@example.com', 'CENTRAL'),
    ('C120', 'James Webb', 'patrickhoward@example.com', 'CENTRAL'),
    ('C121', 'Ronald Foster', 'knightgina@example.net', 'EAST'),
    ('C122', 'Natasha Wall', 'kimberly39@example.com', 'WEST'),
    ('C123', 'Lisa Byrd', 'courtneyberger@example.net', 'EAST'),
    ('C124', 'Jeremiah Riley', 'christopherphillips@example.net', 'SOUTH'),
    ('C125', 'Carlos Ryan', 'alyssa42@example.com', 'SOUTH'),
    ('C126', 'Elizabeth Harrell', 'mcdonaldcharles@example.org', 'SOUTH'),
    ('C127', 'Regina Diaz', 'ismith@example.org', 'SOUTH'),
    ('C128', 'Paul Baker', 'xcarson@example.org', 'WEST'),
    ('C129', 'Manuel Hahn', 'rose31@example.net', 'SOUTH'),
    ('C130', 'Elizabeth Ortiz', 'brandonjohnson@example.com', 'EAST'),
    ('C131', 'Stephen Taylor', 'vwatson@example.net', 'SOUTH'),
    ('C132', 'Molly Mcclure', 'basschristina@example.com', 'EAST'),
    ('C133', 'Claudia Wallace', 'melissagarcia@example.net', 'CENTRAL'),
    ('C134', 'Vanessa Howard', 'hhill@example.com', 'EAST'),
    ('C135', 'Maria Harper', 'williamsmatthew@example.org', 'WEST'),
    ('C136', 'Phillip Clark', 'lisahall@example.org', 'EAST'),
    ('C137', 'William Huerta', 'lauren10@example.org', 'EAST'),
    ('C138', 'Richard Chapman', 'thompsonbrian@example.net', 'SOUTH'),
    ('C139', 'Nichole Alvarez', 'william17@example.net', 'WEST'),
    ('C140', 'Amanda Logan', 'stephen00@example.com', 'SOUTH'),
    ('C141', 'Brian Joseph', 'fjones@example.com', 'WEST'),
    ('C142', 'Donald Schultz', 'oscar98@example.com', 'SOUTH'),
    ('C143', 'Jessica Mcguire', 'farrelldebra@example.net', 'WEST'),
    ('C144', 'Stephen Gutierrez', 'uross@example.org', 'CENTRAL'),
    ('C145', 'Maurice Brooks', 'gloriawells@example.org', 'EAST'),
    ('C146', 'Brent Rodgers', 'angelawillis@example.net', 'CENTRAL'),
    ('C147', 'Jennifer Russo', 'uparrish@example.org', 'CENTRAL'),
    ('C148', 'Heather Lane', 'ericolson@example.org', 'CENTRAL'),
    ('C149', 'Holly Farmer', 'lindsaybruce@example.net', 'EAST'),
    ('C150', 'Mary Steele', 'whitejacqueline@example.com', 'CENTRAL'),
    ('C151', 'Christopher Thomas', 'vjones@example.net', 'EAST'),
    ('C152', 'Joseph Bennett', 'xpeterson@example.com', 'CENTRAL'),
    ('C153', 'Latoya Miller', 'moorekaren@example.org', 'EAST'),
    ('C154', 'Matthew Tucker', 'nperry@example.net', 'EAST'),
    ('C155', 'Brian Gregory', 'trose@example.org', 'WEST'),
    ('C156', 'Kyle Smith', 'sierra24@example.com', 'CENTRAL'),
    ('C157', 'Jonathan Jordan', 'omarpadilla@example.net', 'CENTRAL'),
    ('C158', 'Scott Williams', 'stevenschristian@example.com', 'SOUTH'),
    ('C159', 'Michelle Butler', 'sullivantammy@example.org', 'SOUTH'),
    ('C160', 'Tamara Davis', 'sanchezbrianna@example.net', 'EAST'),
    ('C161', 'Eric Morgan', 'kimberly18@example.net', 'EAST'),
    ('C162', 'Cheyenne Parsons', 'jessica23@example.org', 'WEST'),
    ('C163', 'Christopher Hernandez', 'thompsonkendra@example.com', 'SOUTH'),
    ('C164', 'Olivia Cole', 'michelle52@example.com', 'EAST'),
    ('C165', 'Mark Hogan', 'bellcharles@example.com', 'SOUTH'),
    ('C166', 'Jacob Mitchell', 'gilbertwilliam@example.com', 'EAST'),
    ('C167', 'Robert Pearson', 'cassidy82@example.org', 'SOUTH'),
    ('C168', 'Steven Cooper', 'wagnergerald@example.org', 'SOUTH'),
    ('C169', 'Kelly Bishop MD', 'paul59@example.org', 'CENTRAL'),
    ('C170', 'Brandon Gregory', 'johnathan92@example.com', 'EAST'),
    ('C171', 'Brenda Bailey', 'tanderson@example.org', 'CENTRAL'),
    ('C172', 'Maria Murphy', 'elizabethcalderon@example.net', 'EAST'),
    ('C173', 'Jessica Cox', 'kyle35@example.com', 'WEST'),
    ('C174', 'Chad Jones', 'romeroamber@example.net', 'EAST'),
    ('C175', 'Sherri Williamson', 'lmoore@example.net', 'WEST'),
    ('C176', 'Amanda Diaz', 'tarabishop@example.net', 'SOUTH'),
    ('C177', 'David Sheppard', 'mmckee@example.com', 'SOUTH'),
    ('C178', 'Douglas Reyes', 'mburch@example.net', 'WEST'),
    ('C179', 'Amy Castillo', 'angela18@example.org', 'CENTRAL'),
    ('C180', 'Christopher Cole', 'mariahdavis@example.org', 'SOUTH'),
    ('C181', 'Tara Perry', 'pshaw@example.com', 'EAST'),
    ('C182', 'Alfred Galvan', 'lacey20@example.com', 'SOUTH'),
    ('C183', 'Brenda Thornton', 'fgilbert@example.org', 'CENTRAL'),
    ('C184', 'Chase Bentley', 'srodriguez@example.org', 'CENTRAL'),
    ('C185', 'David Fowler', 'fbrown@example.net', 'EAST'),
    ('C186', 'Laura Higgins', 'ruben95@example.org', 'SOUTH'),
    ('C187', 'Michael Mills', 'carlos88@example.net', 'EAST'),
    ('C188', 'John Reid', 'jon05@example.org', 'CENTRAL'),
    ('C189', 'Matthew Garcia', 'dennis58@example.com', 'WEST'),
    ('C190', 'Melinda Pollard', 'zwelch@example.org', 'EAST'),
    ('C191', 'Terri Johnson', 'bradleygonzalez@example.org', 'CENTRAL'),
    ('C192', 'Kaylee Hays', 'wking@example.net', 'WEST'),
    ('C193', 'Scott Williams', 'joshua56@example.com', 'SOUTH'),
    ('C194', 'Jasmine Beltran', 'xholt@example.net', 'CENTRAL'),
    ('C195', 'Monica Miller', 'amymorris@example.org', 'CENTRAL'),
    ('C196', 'Elizabeth Morrison', 'cjackson@example.com', 'SOUTH'),
    ('C197', 'Sergio Gomez', 'yhill@example.org', 'EAST'),
    ('C198', 'Jennifer Palmer', 'stephaniethomas@example.net', 'SOUTH'),
    ('C199', 'Austin Osborne', 'michael90@example.net', 'WEST'),
    ('C200', 'Tiffany Watson', 'berryalyssa@example.com', 'CENTRAL');

INSERT INTO policies (
    policy_id, customer_id, product_type, status, premium_amount, start_date, end_date
) VALUES
    ('P1001', 'C001', 'auto', 'ACTIVE', 1280.00, '2025-01-01', '2026-01-01'),
    ('P1002', 'C002', 'home', 'ACTIVE', 2100.50, '2025-03-15', '2026-03-15'),
    ('P1003', 'C003', 'auto', 'ACTIVE', 980.00, '2025-06-01', '2026-06-01'),
    ('P1004', 'C007', 'home', 'LAPSED', 1472.14, '2025-03-21', '2026-03-21'),
    ('P1005', 'C031', 'renters', 'ACTIVE', 4191.71, '2024-10-07', '2025-10-07'),
    ('P1006', 'C074', 'umbrella', 'ACTIVE', 1328.78, '2025-05-27', '2026-05-27'),
    ('P1007', 'C116', 'home', 'LAPSED', 3943.90, '2023-06-02', '2024-06-01'),
    ('P1008', 'C082', 'renters', 'ACTIVE', 3769.87, '2026-05-28', '2027-05-28'),
    ('P1009', 'C041', 'home', 'ACTIVE', 1639.38, '2024-11-16', '2025-11-16'),
    ('P1010', 'C036', 'home', 'LAPSED', 947.25, '2024-09-26', '2025-09-26'),
    ('P1011', 'C095', 'umbrella', 'CANCELLED', 2719.73, '2023-02-02', '2024-02-02'),
    ('P1012', 'C017', 'renters', 'LAPSED', 4071.11, '2023-06-11', '2024-06-10'),
    ('P1013', 'C135', 'umbrella', 'LAPSED', 3394.61, '2026-05-31', '2027-05-31'),
    ('P1014', 'C082', 'auto', 'LAPSED', 752.16, '2025-10-23', '2026-10-23'),
    ('P1015', 'C033', 'home', 'ACTIVE', 2569.44, '2024-08-03', '2025-08-03'),
    ('P1016', 'C032', 'home', 'ACTIVE', 4180.70, '2024-06-23', '2025-06-23'),
    ('P1017', 'C058', 'renters', 'CANCELLED', 1771.90, '2023-07-25', '2024-07-24'),
    ('P1018', 'C065', 'home', 'CANCELLED', 3914.10, '2026-01-20', '2027-01-20'),
    ('P1019', 'C158', 'auto', 'CANCELLED', 3010.38, '2023-12-09', '2024-12-08'),
    ('P1020', 'C040', 'home', 'CANCELLED', 2874.74, '2025-03-10', '2026-03-10'),
    ('P1021', 'C145', 'auto', 'ACTIVE', 2928.43, '2025-06-17', '2026-06-17'),
    ('P1022', 'C198', 'renters', 'ACTIVE', 4335.82, '2023-04-12', '2024-04-11'),
    ('P1023', 'C164', 'auto', 'LAPSED', 2156.79, '2025-08-14', '2026-08-14'),
    ('P1024', 'C165', 'renters', 'LAPSED', 2684.37, '2026-01-13', '2027-01-13'),
    ('P1025', 'C104', 'renters', 'LAPSED', 3756.87, '2023-11-02', '2024-11-01'),
    ('P1026', 'C113', 'umbrella', 'LAPSED', 695.20, '2023-04-01', '2024-03-31'),
    ('P1027', 'C037', 'renters', 'ACTIVE', 1843.77, '2024-08-02', '2025-08-02'),
    ('P1028', 'C103', 'home', 'ACTIVE', 3975.44, '2025-07-04', '2026-07-04'),
    ('P1029', 'C062', 'umbrella', 'ACTIVE', 884.40, '2024-10-04', '2025-10-04'),
    ('P1030', 'C025', 'auto', 'ACTIVE', 1465.18, '2023-11-30', '2024-11-29'),
    ('P1031', 'C108', 'home', 'ACTIVE', 3989.78, '2026-03-24', '2027-03-24'),
    ('P1032', 'C185', 'renters', 'ACTIVE', 4274.73, '2025-10-11', '2026-10-11'),
    ('P1033', 'C120', 'umbrella', 'ACTIVE', 2490.65, '2025-08-09', '2026-08-09'),
    ('P1034', 'C130', 'umbrella', 'ACTIVE', 818.50, '2024-09-12', '2025-09-12'),
    ('P1035', 'C013', 'renters', 'LAPSED', 1895.60, '2023-09-26', '2024-09-25'),
    ('P1036', 'C173', 'umbrella', 'ACTIVE', 3902.83, '2025-01-15', '2026-01-15'),
    ('P1037', 'C111', 'home', 'ACTIVE', 3920.13, '2024-10-31', '2025-10-31'),
    ('P1038', 'C094', 'auto', 'LAPSED', 3578.51, '2025-06-26', '2026-06-26'),
    ('P1039', 'C093', 'renters', 'ACTIVE', 2751.24, '2023-03-05', '2024-03-04'),
    ('P1040', 'C141', 'renters', 'CANCELLED', 2294.97, '2024-04-26', '2025-04-26'),
    ('P1041', 'C025', 'umbrella', 'ACTIVE', 936.16, '2025-04-28', '2026-04-28'),
    ('P1042', 'C094', 'home', 'ACTIVE', 1838.71, '2025-09-18', '2026-09-18'),
    ('P1043', 'C011', 'auto', 'ACTIVE', 2094.64, '2025-01-21', '2026-01-21'),
    ('P1044', 'C133', 'umbrella', 'ACTIVE', 1814.60, '2023-06-20', '2024-06-19'),
    ('P1045', 'C084', 'renters', 'ACTIVE', 2561.17, '2025-01-26', '2026-01-26'),
    ('P1046', 'C077', 'renters', 'CANCELLED', 2975.94, '2024-05-05', '2025-05-05'),
    ('P1047', 'C182', 'renters', 'LAPSED', 2630.62, '2025-10-29', '2026-10-29'),
    ('P1048', 'C173', 'auto', 'LAPSED', 1958.42, '2025-10-14', '2026-10-14'),
    ('P1049', 'C177', 'auto', 'CANCELLED', 3713.92, '2024-12-28', '2025-12-28'),
    ('P1050', 'C199', 'home', 'ACTIVE', 4411.83, '2024-08-14', '2025-08-14'),
    ('P1051', 'C162', 'umbrella', 'ACTIVE', 1148.67, '2024-12-28', '2025-12-28'),
    ('P1052', 'C147', 'auto', 'ACTIVE', 1442.40, '2025-10-21', '2026-10-21'),
    ('P1053', 'C039', 'umbrella', 'ACTIVE', 1734.53, '2023-01-24', '2024-01-24'),
    ('P1054', 'C121', 'auto', 'ACTIVE', 3624.78, '2024-05-26', '2025-05-26'),
    ('P1055', 'C170', 'umbrella', 'CANCELLED', 2747.41, '2024-10-08', '2025-10-08'),
    ('P1056', 'C118', 'renters', 'CANCELLED', 4368.22, '2024-04-14', '2025-04-14'),
    ('P1057', 'C175', 'renters', 'CANCELLED', 3612.92, '2024-03-17', '2025-03-17'),
    ('P1058', 'C072', 'renters', 'ACTIVE', 4371.31, '2024-08-26', '2025-08-26'),
    ('P1059', 'C198', 'renters', 'ACTIVE', 4473.38, '2026-03-20', '2027-03-20'),
    ('P1060', 'C123', 'renters', 'CANCELLED', 2452.40, '2025-05-10', '2026-05-10'),
    ('P1061', 'C071', 'renters', 'ACTIVE', 3707.92, '2026-03-10', '2027-03-10'),
    ('P1062', 'C102', 'renters', 'ACTIVE', 2674.48, '2024-12-16', '2025-12-16'),
    ('P1063', 'C021', 'renters', 'LAPSED', 1628.91, '2023-12-29', '2024-12-28'),
    ('P1064', 'C055', 'home', 'CANCELLED', 3511.61, '2025-03-28', '2026-03-28'),
    ('P1065', 'C070', 'home', 'ACTIVE', 2752.89, '2023-12-05', '2024-12-04'),
    ('P1066', 'C063', 'auto', 'CANCELLED', 2853.30, '2025-02-06', '2026-02-06'),
    ('P1067', 'C026', 'umbrella', 'ACTIVE', 1403.60, '2023-10-09', '2024-10-08'),
    ('P1068', 'C198', 'home', 'ACTIVE', 861.87, '2025-06-13', '2026-06-13'),
    ('P1069', 'C105', 'umbrella', 'LAPSED', 4455.20, '2026-04-17', '2027-04-17'),
    ('P1070', 'C083', 'renters', 'ACTIVE', 3546.36, '2025-03-22', '2026-03-22'),
    ('P1071', 'C147', 'home', 'CANCELLED', 816.83, '2026-02-06', '2027-02-06'),
    ('P1072', 'C045', 'umbrella', 'ACTIVE', 3932.40, '2025-07-10', '2026-07-10'),
    ('P1073', 'C127', 'home', 'ACTIVE', 598.50, '2026-03-10', '2027-03-10'),
    ('P1074', 'C146', 'auto', 'ACTIVE', 487.38, '2025-12-29', '2026-12-29'),
    ('P1075', 'C135', 'umbrella', 'ACTIVE', 3076.69, '2023-12-21', '2024-12-20'),
    ('P1076', 'C050', 'auto', 'ACTIVE', 2367.34, '2025-11-27', '2026-11-27'),
    ('P1077', 'C066', 'home', 'ACTIVE', 2329.82, '2023-07-22', '2024-07-21'),
    ('P1078', 'C146', 'home', 'ACTIVE', 3688.37, '2025-07-07', '2026-07-07'),
    ('P1079', 'C110', 'renters', 'ACTIVE', 3066.51, '2025-01-31', '2026-01-31'),
    ('P1080', 'C036', 'umbrella', 'ACTIVE', 840.23, '2024-05-14', '2025-05-14'),
    ('P1081', 'C099', 'home', 'LAPSED', 477.33, '2026-03-12', '2027-03-12'),
    ('P1082', 'C078', 'auto', 'ACTIVE', 4357.42, '2025-07-28', '2026-07-28'),
    ('P1083', 'C016', 'auto', 'LAPSED', 3287.30, '2025-03-26', '2026-03-26'),
    ('P1084', 'C129', 'renters', 'ACTIVE', 2110.87, '2024-01-18', '2025-01-17'),
    ('P1085', 'C095', 'home', 'ACTIVE', 4302.37, '2025-03-07', '2026-03-07'),
    ('P1086', 'C117', 'renters', 'LAPSED', 2408.19, '2026-04-08', '2027-04-08'),
    ('P1087', 'C194', 'home', 'ACTIVE', 4188.60, '2025-05-25', '2026-05-25'),
    ('P1088', 'C135', 'umbrella', 'CANCELLED', 2890.10, '2025-04-28', '2026-04-28'),
    ('P1089', 'C029', 'auto', 'CANCELLED', 769.72, '2025-05-27', '2026-05-27'),
    ('P1090', 'C138', 'home', 'ACTIVE', 1278.73, '2026-01-30', '2027-01-30'),
    ('P1091', 'C030', 'home', 'CANCELLED', 2581.56, '2024-02-14', '2025-02-13'),
    ('P1092', 'C115', 'auto', 'LAPSED', 4131.65, '2024-09-01', '2025-09-01'),
    ('P1093', 'C145', 'auto', 'CANCELLED', 2151.58, '2023-06-14', '2024-06-13'),
    ('P1094', 'C186', 'auto', 'LAPSED', 3755.39, '2024-07-30', '2025-07-30'),
    ('P1095', 'C056', 'auto', 'ACTIVE', 462.95, '2023-11-14', '2024-11-13'),
    ('P1096', 'C139', 'auto', 'ACTIVE', 3318.80, '2024-06-12', '2025-06-12'),
    ('P1097', 'C074', 'umbrella', 'ACTIVE', 2383.40, '2026-05-14', '2027-05-14'),
    ('P1098', 'C187', 'umbrella', 'ACTIVE', 3586.82, '2025-08-16', '2026-08-16'),
    ('P1099', 'C097', 'umbrella', 'ACTIVE', 2016.57, '2026-05-23', '2027-05-23'),
    ('P1100', 'C035', 'renters', 'ACTIVE', 3160.69, '2025-05-01', '2026-05-01'),
    ('P1101', 'C136', 'home', 'ACTIVE', 2650.50, '2023-08-11', '2024-08-10'),
    ('P1102', 'C077', 'umbrella', 'CANCELLED', 3547.20, '2025-11-07', '2026-11-07'),
    ('P1103', 'C064', 'umbrella', 'ACTIVE', 2003.29, '2024-06-12', '2025-06-12'),
    ('P1104', 'C196', 'auto', 'ACTIVE', 1222.92, '2023-07-13', '2024-07-12'),
    ('P1105', 'C197', 'auto', 'ACTIVE', 2167.78, '2025-10-06', '2026-10-06'),
    ('P1106', 'C009', 'umbrella', 'CANCELLED', 863.76, '2023-09-14', '2024-09-13'),
    ('P1107', 'C063', 'auto', 'LAPSED', 4022.60, '2025-04-18', '2026-04-18'),
    ('P1108', 'C194', 'auto', 'ACTIVE', 2660.27, '2024-07-01', '2025-07-01'),
    ('P1109', 'C188', 'renters', 'CANCELLED', 1634.29, '2024-09-20', '2025-09-20'),
    ('P1110', 'C061', 'renters', 'ACTIVE', 3204.41, '2025-01-15', '2026-01-15'),
    ('P1111', 'C106', 'renters', 'ACTIVE', 2585.28, '2026-05-14', '2027-05-14'),
    ('P1112', 'C189', 'home', 'LAPSED', 4335.75, '2023-03-18', '2024-03-17'),
    ('P1113', 'C165', 'umbrella', 'CANCELLED', 642.44, '2024-11-24', '2025-11-24'),
    ('P1114', 'C039', 'renters', 'LAPSED', 2155.52, '2024-02-02', '2025-02-01'),
    ('P1115', 'C062', 'home', 'ACTIVE', 2653.60, '2023-08-18', '2024-08-17'),
    ('P1116', 'C015', 'umbrella', 'LAPSED', 1041.59, '2025-12-05', '2026-12-05'),
    ('P1117', 'C063', 'renters', 'ACTIVE', 999.49, '2024-11-25', '2025-11-25'),
    ('P1118', 'C095', 'auto', 'CANCELLED', 773.57, '2024-02-16', '2025-02-15'),
    ('P1119', 'C069', 'umbrella', 'CANCELLED', 1230.60, '2025-06-22', '2026-06-22'),
    ('P1120', 'C049', 'home', 'LAPSED', 4028.90, '2025-01-21', '2026-01-21'),
    ('P1121', 'C078', 'auto', 'ACTIVE', 4165.42, '2023-09-18', '2024-09-17'),
    ('P1122', 'C031', 'umbrella', 'ACTIVE', 4390.94, '2026-03-14', '2027-03-14'),
    ('P1123', 'C102', 'home', 'CANCELLED', 3332.26, '2025-05-17', '2026-05-17'),
    ('P1124', 'C120', 'renters', 'ACTIVE', 1609.48, '2024-02-06', '2025-02-05'),
    ('P1125', 'C120', 'auto', 'LAPSED', 2550.63, '2023-11-23', '2024-11-22'),
    ('P1126', 'C095', 'renters', 'LAPSED', 1761.26, '2025-08-07', '2026-08-07'),
    ('P1127', 'C190', 'home', 'ACTIVE', 3989.28, '2023-02-27', '2024-02-27'),
    ('P1128', 'C149', 'umbrella', 'ACTIVE', 4278.74, '2023-11-22', '2024-11-21'),
    ('P1129', 'C098', 'home', 'LAPSED', 1801.29, '2023-07-10', '2024-07-09'),
    ('P1130', 'C087', 'renters', 'LAPSED', 4314.87, '2024-11-17', '2025-11-17'),
    ('P1131', 'C126', 'umbrella', 'ACTIVE', 3078.94, '2026-04-20', '2027-04-20'),
    ('P1132', 'C036', 'umbrella', 'ACTIVE', 1892.21, '2025-07-02', '2026-07-02'),
    ('P1133', 'C016', 'auto', 'ACTIVE', 2670.82, '2026-02-17', '2027-02-17'),
    ('P1134', 'C196', 'auto', 'LAPSED', 3187.60, '2026-03-24', '2027-03-24'),
    ('P1135', 'C018', 'home', 'ACTIVE', 3033.29, '2023-06-21', '2024-06-20'),
    ('P1136', 'C016', 'umbrella', 'LAPSED', 2317.47, '2023-09-30', '2024-09-29'),
    ('P1137', 'C106', 'auto', 'ACTIVE', 2629.70, '2023-01-20', '2024-01-20'),
    ('P1138', 'C074', 'auto', 'CANCELLED', 1575.68, '2024-10-22', '2025-10-22'),
    ('P1139', 'C046', 'auto', 'ACTIVE', 3210.55, '2025-10-11', '2026-10-11'),
    ('P1140', 'C159', 'renters', 'ACTIVE', 1437.24, '2024-10-15', '2025-10-15'),
    ('P1141', 'C096', 'umbrella', 'LAPSED', 2075.10, '2023-11-30', '2024-11-29'),
    ('P1142', 'C077', 'auto', 'ACTIVE', 3305.28, '2024-12-05', '2025-12-05'),
    ('P1143', 'C142', 'umbrella', 'ACTIVE', 2003.48, '2023-04-27', '2024-04-26'),
    ('P1144', 'C022', 'umbrella', 'LAPSED', 3328.21, '2025-03-05', '2026-03-05'),
    ('P1145', 'C025', 'auto', 'ACTIVE', 1806.72, '2025-03-15', '2026-03-15'),
    ('P1146', 'C146', 'umbrella', 'ACTIVE', 4005.88, '2023-09-21', '2024-09-20'),
    ('P1147', 'C072', 'auto', 'ACTIVE', 754.87, '2023-02-28', '2024-02-28'),
    ('P1148', 'C054', 'home', 'LAPSED', 1738.20, '2026-03-04', '2027-03-04'),
    ('P1149', 'C145', 'home', 'CANCELLED', 1675.20, '2026-03-04', '2027-03-04'),
    ('P1150', 'C139', 'renters', 'LAPSED', 2043.86, '2025-11-06', '2026-11-06'),
    ('P1151', 'C186', 'auto', 'CANCELLED', 1023.88, '2025-07-31', '2026-07-31'),
    ('P1152', 'C026', 'umbrella', 'ACTIVE', 1866.60, '2025-07-18', '2026-07-18'),
    ('P1153', 'C197', 'umbrella', 'ACTIVE', 1845.77, '2025-11-11', '2026-11-11'),
    ('P1154', 'C126', 'home', 'ACTIVE', 1569.57, '2023-02-06', '2024-02-06'),
    ('P1155', 'C048', 'umbrella', 'ACTIVE', 1987.55, '2024-11-20', '2025-11-20'),
    ('P1156', 'C183', 'auto', 'ACTIVE', 1659.31, '2025-08-20', '2026-08-20'),
    ('P1157', 'C163', 'home', 'LAPSED', 2006.91, '2023-12-01', '2024-11-30'),
    ('P1158', 'C002', 'renters', 'LAPSED', 886.11, '2024-01-30', '2025-01-29'),
    ('P1159', 'C034', 'auto', 'ACTIVE', 1554.13, '2024-03-24', '2025-03-24'),
    ('P1160', 'C132', 'umbrella', 'ACTIVE', 2731.71, '2024-06-21', '2025-06-21'),
    ('P1161', 'C024', 'renters', 'LAPSED', 1899.70, '2023-02-02', '2024-02-02'),
    ('P1162', 'C200', 'auto', 'CANCELLED', 2144.49, '2023-01-16', '2024-01-16'),
    ('P1163', 'C147', 'home', 'LAPSED', 4456.31, '2026-02-02', '2027-02-02'),
    ('P1164', 'C069', 'umbrella', 'ACTIVE', 1551.38, '2023-07-31', '2024-07-30'),
    ('P1165', 'C108', 'renters', 'LAPSED', 2230.35, '2023-03-20', '2024-03-19'),
    ('P1166', 'C064', 'umbrella', 'CANCELLED', 1929.32, '2025-09-02', '2026-09-02'),
    ('P1167', 'C035', 'renters', 'ACTIVE', 2325.13, '2025-02-07', '2026-02-07'),
    ('P1168', 'C098', 'renters', 'LAPSED', 1810.79, '2026-03-29', '2027-03-29'),
    ('P1169', 'C153', 'home', 'ACTIVE', 3790.83, '2024-02-22', '2025-02-21'),
    ('P1170', 'C052', 'umbrella', 'ACTIVE', 4330.88, '2024-02-04', '2025-02-03'),
    ('P1171', 'C075', 'umbrella', 'CANCELLED', 2081.40, '2023-08-10', '2024-08-09'),
    ('P1172', 'C072', 'umbrella', 'ACTIVE', 1784.48, '2025-09-02', '2026-09-02'),
    ('P1173', 'C152', 'home', 'CANCELLED', 2759.25, '2023-05-23', '2024-05-22'),
    ('P1174', 'C182', 'home', 'LAPSED', 3428.59, '2023-02-03', '2024-02-03'),
    ('P1175', 'C018', 'umbrella', 'LAPSED', 3854.88, '2025-09-21', '2026-09-21'),
    ('P1176', 'C065', 'home', 'LAPSED', 1690.30, '2023-06-23', '2024-06-22'),
    ('P1177', 'C154', 'umbrella', 'CANCELLED', 752.57, '2025-09-10', '2026-09-10'),
    ('P1178', 'C108', 'auto', 'ACTIVE', 2525.88, '2024-05-14', '2025-05-14'),
    ('P1179', 'C153', 'auto', 'ACTIVE', 3777.68, '2025-05-24', '2026-05-24'),
    ('P1180', 'C091', 'home', 'CANCELLED', 3143.85, '2025-08-16', '2026-08-16'),
    ('P1181', 'C174', 'umbrella', 'ACTIVE', 4478.82, '2023-02-25', '2024-02-25'),
    ('P1182', 'C003', 'auto', 'ACTIVE', 2213.13, '2026-04-19', '2027-04-19'),
    ('P1183', 'C143', 'home', 'LAPSED', 3509.66, '2023-10-04', '2024-10-03'),
    ('P1184', 'C174', 'home', 'ACTIVE', 2346.98, '2024-04-11', '2025-04-11'),
    ('P1185', 'C076', 'umbrella', 'ACTIVE', 2427.13, '2026-05-29', '2027-05-29'),
    ('P1186', 'C037', 'renters', 'ACTIVE', 4303.93, '2023-05-25', '2024-05-24'),
    ('P1187', 'C134', 'umbrella', 'ACTIVE', 3662.26, '2024-03-03', '2025-03-03'),
    ('P1188', 'C179', 'umbrella', 'ACTIVE', 2244.92, '2024-08-16', '2025-08-16'),
    ('P1189', 'C030', 'auto', 'ACTIVE', 633.90, '2023-03-25', '2024-03-24'),
    ('P1190', 'C190', 'home', 'CANCELLED', 3223.21, '2025-03-19', '2026-03-19'),
    ('P1191', 'C144', 'umbrella', 'LAPSED', 1105.42, '2023-08-06', '2024-08-05'),
    ('P1192', 'C048', 'home', 'LAPSED', 2109.80, '2023-10-17', '2024-10-16'),
    ('P1193', 'C051', 'umbrella', 'CANCELLED', 3470.78, '2024-05-08', '2025-05-08'),
    ('P1194', 'C055', 'home', 'ACTIVE', 468.90, '2024-06-19', '2025-06-19'),
    ('P1195', 'C148', 'auto', 'CANCELLED', 3762.80, '2025-07-27', '2026-07-27'),
    ('P1196', 'C118', 'auto', 'ACTIVE', 1785.25, '2023-08-22', '2024-08-21'),
    ('P1197', 'C164', 'renters', 'CANCELLED', 2454.67, '2025-04-16', '2026-04-16'),
    ('P1198', 'C030', 'renters', 'ACTIVE', 2057.75, '2024-04-29', '2025-04-29'),
    ('P1199', 'C173', 'renters', 'CANCELLED', 2978.22, '2025-11-20', '2026-11-20'),
    ('P1200', 'C081', 'auto', 'ACTIVE', 3202.17, '2025-01-05', '2026-01-05');

INSERT INTO coverages (
    coverage_id, policy_id, coverage_type, limit_amount, deductible
) VALUES
    ('COV-LIAB-1', 'P1001', 'auto_liability', 100000.00, 500.00),
    ('COV-COLL-1', 'P1001', 'collision', 50000.00, 1000.00),
    ('COV-COMP-1', 'P1001', 'comprehensive', 50000.00, 500.00),
    ('COV-WIND-1', 'P1001', 'windshield', 1500.00, 0.00),
    ('COV-DWELL-2', 'P1002', 'dwelling', 350000.00, 2500.00),
    ('COV-LIAB-3', 'P1003', 'auto_liability', 100000.00, 500.00),
    ('COV-0001', 'P1079', 'dwelling', 425621.67, 1325.00),
    ('COV-0002', 'P1153', 'collision', 45572.61, 710.00),
    ('COV-0003', 'P1043', 'windshield', 1368.39, 0.00),
    ('COV-0004', 'P1014', 'comprehensive', 44096.04, 355.00),
    ('COV-0005', 'P1130', 'loss_of_use', 26100.00, 0.00),
    ('COV-0006', 'P1182', 'windshield', 1274.40, 0.00),
    ('COV-0007', 'P1057', 'liability', 280471.81, 640.37),
    ('COV-0008', 'P1145', 'windshield', 1302.79, 0.00),
    ('COV-0009', 'P1194', 'dwelling', 325893.81, 3089.97),
    ('COV-0010', 'P1168', 'personal_property', 80237.96, 939.07),
    ('COV-0011', 'P1031', 'personal_property', 70500.00, 900.00),
    ('COV-0012', 'P1157', 'loss_of_use', 26506.23, 0.00),
    ('COV-0013', 'P1146', 'comprehensive', 56163.06, 450.00),
    ('COV-0014', 'P1075', 'comprehensive', 69564.65, 731.39),
    ('COV-0015', 'P1106', 'auto_liability', 83000.00, 445.00),
    ('COV-0016', 'P1034', 'collision', 45500.00, 1261.47),
    ('COV-0017', 'P1174', 'loss_of_use', 34393.66, 0.00),
    ('COV-0018', 'P1107', 'windshield', 1350.00, 0.00),
    ('COV-0019', 'P1132', 'comprehensive', 68507.62, 370.00),
    ('COV-0020', 'P1001', 'auto_liability', 81000.00, 400.00),
    ('COV-0021', 'P1137', 'windshield', 1942.36, 0.00),
    ('COV-0022', 'P1073', 'liability', 393436.06, 435.00),
    ('COV-0023', 'P1196', 'auto_liability', 117570.77, 312.12),
    ('COV-0024', 'P1041', 'windshield', 2092.65, 0.00),
    ('COV-0025', 'P1034', 'comprehensive', 42800.20, 291.21),
    ('COV-0026', 'P1171', 'collision', 58768.13, 540.00),
    ('COV-0027', 'P1168', 'dwelling', 324818.45, 2734.20),
    ('COV-0028', 'P1133', 'windshield', 1826.04, 0.00),
    ('COV-0029', 'P1178', 'collision', 45000.00, 589.33),
    ('COV-0030', 'P1027', 'dwelling', 465007.69, 3183.65),
    ('COV-0031', 'P1193', 'collision', 40000.00, 780.00),
    ('COV-0032', 'P1167', 'personal_property', 92509.44, 520.00),
    ('COV-0033', 'P1158', 'loss_of_use', 40138.67, 0.00),
    ('COV-0034', 'P1032', 'loss_of_use', 29661.07, 0.00),
    ('COV-0035', 'P1022', 'personal_property', 74250.00, 840.00),
    ('COV-0036', 'P1078', 'personal_property', 71250.00, 1146.17),
    ('COV-0037', 'P1062', 'loss_of_use', 28339.47, 0.00),
    ('COV-0038', 'P1004', 'liability', 309630.88, 523.18),
    ('COV-0039', 'P1045', 'loss_of_use', 34572.54, 0.00),
    ('COV-0040', 'P1016', 'loss_of_use', 24000.00, 0.00),
    ('COV-0041', 'P1180', 'loss_of_use', 24300.00, 0.00),
    ('COV-0042', 'P1021', 'uninsured_motorist', 28045.85, 187.50),
    ('COV-0043', 'P1163', 'dwelling', 311500.00, 2325.00),
    ('COV-0044', 'P1062', 'dwelling', 474171.83, 1450.00),
    ('COV-0045', 'P1157', 'dwelling', 297500.00, 1281.66),
    ('COV-0046', 'P1036', 'auto_liability', 137180.97, 435.93),
    ('COV-0047', 'P1192', 'liability', 294000.00, 653.55),
    ('COV-0048', 'P1070', 'dwelling', 318500.00, 1575.00),
    ('COV-0049', 'P1117', 'liability', 394684.76, 328.65),
    ('COV-0050', 'P1198', 'dwelling', 435563.79, 1250.00),
    ('COV-0051', 'P1004', 'personal_property', 76378.94, 1431.16),
    ('COV-0052', 'P1010', 'loss_of_use', 28468.74, 0.00),
    ('COV-0053', 'P1147', 'comprehensive', 60199.77, 361.59),
    ('COV-0054', 'P1133', 'auto_liability', 80000.00, 636.76),
    ('COV-0055', 'P1080', 'comprehensive', 53702.39, 395.80),
    ('COV-0056', 'P1078', 'personal_property', 86626.09, 980.00),
    ('COV-0057', 'P1199', 'personal_property', 60287.00, 733.00),
    ('COV-0058', 'P1089', 'auto_liability', 125535.75, 470.00),
    ('COV-0059', 'P1187', 'comprehensive', 55894.43, 265.00),
    ('COV-0060', 'P1126', 'dwelling', 318500.00, 1359.75),
    ('COV-0061', 'P1060', 'loss_of_use', 41541.99, 0.00),
    ('COV-0062', 'P1025', 'personal_property', 67500.00, 550.00),
    ('COV-0063', 'P1170', 'collision', 47829.73, 500.00),
    ('COV-0064', 'P1180', 'liability', 288952.06, 318.06),
    ('COV-0065', 'P1198', 'dwelling', 314518.75, 2266.28),
    ('COV-0066', 'P1138', 'comprehensive', 49249.23, 295.21),
    ('COV-0067', 'P1176', 'liability', 390466.46, 295.61),
    ('COV-0068', 'P1064', 'liability', 248811.11, 660.04),
    ('COV-0069', 'P1045', 'dwelling', 396750.29, 2405.11),
    ('COV-0070', 'P1036', 'auto_liability', 129822.34, 349.07),
    ('COV-0071', 'P1103', 'comprehensive', 57583.56, 748.58),
    ('COV-0072', 'P1051', 'windshield', 2014.57, 0.00),
    ('COV-0073', 'P1119', 'auto_liability', 105989.38, 315.00),
    ('COV-0074', 'P1008', 'loss_of_use', 30370.98, 0.00),
    ('COV-0075', 'P1039', 'dwelling', 287000.00, 1575.00),
    ('COV-0076', 'P1106', 'uninsured_motorist', 21315.82, 229.81),
    ('COV-0077', 'P1165', 'personal_property', 95186.21, 610.00),
    ('COV-0078', 'P1140', 'loss_of_use', 33043.08, 0.00),
    ('COV-0079', 'P1082', 'uninsured_motorist', 33436.47, 175.00),
    ('COV-0080', 'P1121', 'uninsured_motorist', 24500.00, 150.03),
    ('COV-0081', 'P1169', 'personal_property', 96732.83, 970.00),
    ('COV-0082', 'P1057', 'loss_of_use', 27169.81, 0.00),
    ('COV-0083', 'P1179', 'comprehensive', 45000.00, 360.00),
    ('COV-0084', 'P1145', 'collision', 56263.74, 620.00),
    ('COV-0085', 'P1010', 'dwelling', 406349.19, 1675.00),
    ('COV-0086', 'P1123', 'dwelling', 322307.52, 3042.34),
    ('COV-0087', 'P1083', 'auto_liability', 115196.55, 495.00),
    ('COV-0088', 'P1029', 'uninsured_motorist', 22500.00, 225.00),
    ('COV-0089', 'P1170', 'windshield', 1471.59, 0.00),
    ('COV-0090', 'P1112', 'loss_of_use', 36729.29, 0.00),
    ('COV-0091', 'P1045', 'loss_of_use', 27900.00, 0.00),
    ('COV-0092', 'P1001', 'uninsured_motorist', 24500.00, 275.60),
    ('COV-0093', 'P1157', 'personal_property', 66328.95, 846.81),
    ('COV-0094', 'P1082', 'collision', 45000.00, 570.00),
    ('COV-0095', 'P1003', 'comprehensive', 60795.28, 643.51),
    ('COV-0096', 'P1185', 'auto_liability', 106293.21, 692.28),
    ('COV-0097', 'P1127', 'loss_of_use', 30756.26, 0.00),
    ('COV-0098', 'P1167', 'personal_property', 63316.92, 520.08),
    ('COV-0099', 'P1067', 'auto_liability', 90206.31, 615.99),
    ('COV-0100', 'P1141', 'auto_liability', 139116.57, 450.00),
    ('COV-0101', 'P1008', 'loss_of_use', 40015.56, 0.00),
    ('COV-0102', 'P1026', 'comprehensive', 52278.40, 420.00),
    ('COV-0103', 'P1073', 'liability', 248934.38, 277.25),
    ('COV-0104', 'P1001', 'windshield', 1941.51, 0.00),
    ('COV-0105', 'P1053', 'collision', 54207.12, 1284.88),
    ('COV-0106', 'P1121', 'windshield', 1777.68, 0.00),
    ('COV-0107', 'P1098', 'comprehensive', 41338.51, 295.00),
    ('COV-0108', 'P1068', 'personal_property', 62773.77, 1168.14),
    ('COV-0109', 'P1139', 'windshield', 1254.89, 0.00),
    ('COV-0110', 'P1108', 'uninsured_motorist', 33224.81, 144.74),
    ('COV-0111', 'P1183', 'dwelling', 479343.51, 3622.65),
    ('COV-0112', 'P1043', 'collision', 41280.28, 870.00),
    ('COV-0113', 'P1112', 'personal_property', 71604.89, 888.10),
    ('COV-0114', 'P1102', 'uninsured_motorist', 27795.32, 222.50),
    ('COV-0115', 'P1160', 'uninsured_motorist', 26216.64, 180.00),
    ('COV-0116', 'P1151', 'uninsured_motorist', 28440.26, 341.87),
    ('COV-0117', 'P1089', 'windshield', 1789.31, 0.00),
    ('COV-0118', 'P1104', 'collision', 51873.78, 880.00),
    ('COV-0119', 'P1061', 'dwelling', 468376.59, 3293.46),
    ('COV-0120', 'P1078', 'liability', 394482.26, 317.19),
    ('COV-0121', 'P1191', 'windshield', 1855.92, 0.00),
    ('COV-0122', 'P1105', 'windshield', 1663.74, 0.00),
    ('COV-0123', 'P1080', 'uninsured_motorist', 31707.75, 173.19),
    ('COV-0124', 'P1052', 'auto_liability', 107386.92, 450.00),
    ('COV-0125', 'P1051', 'comprehensive', 55153.79, 435.00),
    ('COV-0126', 'P1008', 'personal_property', 86731.96, 600.00),
    ('COV-0127', 'P1151', 'uninsured_motorist', 22452.70, 237.50),
    ('COV-0128', 'P1177', 'auto_liability', 103193.94, 365.00),
    ('COV-0129', 'P1200', 'collision', 41000.00, 860.00),
    ('COV-0130', 'P1053', 'comprehensive', 40601.57, 300.00),
    ('COV-0131', 'P1034', 'collision', 47571.71, 910.00),
    ('COV-0132', 'P1182', 'comprehensive', 65547.59, 359.10),
    ('COV-0133', 'P1078', 'loss_of_use', 33207.25, 0.00),
    ('COV-0134', 'P1166', 'uninsured_motorist', 30266.20, 200.00),
    ('COV-0135', 'P1087', 'liability', 287006.44, 324.96),
    ('COV-0136', 'P1196', 'collision', 52122.95, 870.00),
    ('COV-0137', 'P1036', 'auto_liability', 95565.58, 255.00),
    ('COV-0138', 'P1100', 'dwelling', 432575.47, 2175.00),
    ('COV-0139', 'P1137', 'windshield', 1470.18, 0.00),
    ('COV-0140', 'P1143', 'collision', 54123.43, 920.00),
    ('COV-0141', 'P1144', 'collision', 41500.00, 855.28),
    ('COV-0142', 'P1191', 'comprehensive', 51150.47, 295.00),
    ('COV-0143', 'P1031', 'loss_of_use', 24300.00, 0.00),
    ('COV-0144', 'P1050', 'dwelling', 342654.71, 1593.41),
    ('COV-0145', 'P1052', 'comprehensive', 66785.35, 408.19),
    ('COV-0146', 'P1184', 'personal_property', 74968.33, 1134.50),
    ('COV-0147', 'P1002', 'loss_of_use', 37701.48, 0.00),
    ('COV-0148', 'P1196', 'collision', 48500.00, 1114.48),
    ('COV-0149', 'P1163', 'loss_of_use', 41375.90, 0.00),
    ('COV-0150', 'P1052', 'comprehensive', 62705.43, 588.37),
    ('COV-0151', 'P1161', 'personal_property', 66000.00, 628.93),
    ('COV-0152', 'P1099', 'uninsured_motorist', 20979.31, 362.12),
    ('COV-0153', 'P1117', 'liability', 261000.00, 748.07),
    ('COV-0154', 'P1126', 'liability', 410655.18, 364.21),
    ('COV-0155', 'P1187', 'collision', 46500.00, 750.00),
    ('COV-0156', 'P1130', 'personal_property', 91999.95, 1376.54),
    ('COV-0157', 'P1066', 'uninsured_motorist', 34920.20, 207.50),
    ('COV-0158', 'P1006', 'auto_liability', 106658.86, 350.00),
    ('COV-0159', 'P1065', 'loss_of_use', 36513.46, 0.00),
    ('COV-0160', 'P1026', 'uninsured_motorist', 29084.52, 132.50),
    ('COV-0161', 'P1027', 'dwelling', 444799.61, 2772.50),
    ('COV-0162', 'P1200', 'comprehensive', 61103.10, 269.70),
    ('COV-0163', 'P1128', 'collision', 47035.16, 850.00),
    ('COV-0164', 'P1023', 'auto_liability', 136966.76, 460.00),
    ('COV-0165', 'P1186', 'dwelling', 287000.00, 1450.00),
    ('COV-0166', 'P1076', 'comprehensive', 42994.27, 250.00),
    ('COV-0167', 'P1075', 'comprehensive', 62156.21, 485.00),
    ('COV-0168', 'P1012', 'dwelling', 294000.00, 2143.82),
    ('COV-0169', 'P1113', 'uninsured_motorist', 23250.00, 328.74),
    ('COV-0170', 'P1047', 'dwelling', 482085.09, 2974.76),
    ('COV-0171', 'P1123', 'loss_of_use', 26385.21, 0.00),
    ('COV-0172', 'P1152', 'windshield', 1750.19, 0.00),
    ('COV-0173', 'P1008', 'personal_property', 65082.19, 560.00),
    ('COV-0174', 'P1012', 'dwelling', 290500.00, 3011.42),
    ('COV-0175', 'P1174', 'personal_property', 83539.64, 550.00),
    ('COV-0176', 'P1170', 'collision', 59911.32, 1339.03),
    ('COV-0177', 'P1143', 'uninsured_motorist', 29650.98, 160.00),
    ('COV-0178', 'P1121', 'windshield', 1350.00, 0.00),
    ('COV-0179', 'P1072', 'auto_liability', 118599.04, 289.42),
    ('COV-0180', 'P1114', 'loss_of_use', 32047.23, 0.00),
    ('COV-0181', 'P1191', 'auto_liability', 104740.31, 645.89),
    ('COV-0182', 'P1159', 'comprehensive', 41500.00, 431.67),
    ('COV-0183', 'P1014', 'collision', 56804.53, 910.00),
    ('COV-0184', 'P1169', 'liability', 257538.66, 420.68),
    ('COV-0185', 'P1163', 'liability', 267000.00, 250.00),
    ('COV-0186', 'P1043', 'windshield', 1365.00, 0.00),
    ('COV-0187', 'P1051', 'collision', 46467.69, 910.00),
    ('COV-0188', 'P1087', 'dwelling', 474591.57, 2450.00),
    ('COV-0189', 'P1116', 'windshield', 1203.90, 0.00),
    ('COV-0190', 'P1111', 'loss_of_use', 26400.00, 0.00),
    ('COV-0191', 'P1033', 'auto_liability', 84000.00, 320.00),
    ('COV-0192', 'P1099', 'windshield', 1558.08, 0.00),
    ('COV-0193', 'P1035', 'personal_property', 91500.64, 890.00),
    ('COV-0194', 'P1141', 'comprehensive', 46291.38, 435.00);

INSERT INTO claims (
    claim_id, policy_id, status, description, amount, filed_date
) VALUES
    ('CLM-001', 'P1001', 'OPEN', 'Windshield crack after highway debris', 420.00, '2026-05-10'),
    ('CLM-002', 'P1001', 'CLOSED', 'Minor bumper scratch repaired', 650.00, '2025-11-02'),
    ('CLM-003', 'P1002', 'IN_REVIEW', 'Roof leak after storm', 4800.00, '2026-06-20'),
    ('CLM-004', 'P1003', 'OPEN', 'Side mirror damage in parking lot', 310.00, '2026-07-01'),
    ('CLM-005', 'P1182', 'IN_REVIEW', 'Roof leak after storm', 11166.16, '2024-11-15'),
    ('CLM-006', 'P1083', 'IN_REVIEW', 'Minor bumper scratch repaired', 11525.81, '2025-04-11'),
    ('CLM-007', 'P1150', 'IN_REVIEW', 'Theft of personal property from vehicle', 9362.61, '2025-12-05'),
    ('CLM-008', 'P1109', 'OPEN', 'Fallen tree damaged roof section', 8897.36, '2025-09-16'),
    ('CLM-009', 'P1014', 'IN_REVIEW', 'Windshield crack after highway debris', 6390.18, '2024-04-08'),
    ('CLM-010', 'P1175', 'CLOSED', 'Roof leak after storm', 2786.36, '2024-07-04'),
    ('CLM-011', 'P1053', 'IN_REVIEW', 'Windshield crack after highway debris', 11464.37, '2026-02-16'),
    ('CLM-012', 'P1158', 'IN_REVIEW', 'Fallen tree damaged roof section', 7565.13, '2024-11-28'),
    ('CLM-013', 'P1100', 'OPEN', 'Fallen tree damaged roof section', 10752.71, '2026-03-11'),
    ('CLM-014', 'P1178', 'IN_REVIEW', 'Windshield crack after highway debris', 11555.36, '2025-12-27'),
    ('CLM-015', 'P1176', 'CLOSED', 'Fallen tree damaged roof section', 6499.53, '2026-05-07'),
    ('CLM-016', 'P1159', 'CLOSED', 'Side mirror damage in parking lot', 4267.25, '2024-02-19'),
    ('CLM-017', 'P1166', 'CLOSED', 'Glass breakage from rock chip', 11694.90, '2026-04-24'),
    ('CLM-018', 'P1199', 'IN_REVIEW', 'Side mirror damage in parking lot', 10035.25, '2025-05-21'),
    ('CLM-019', 'P1020', 'OPEN', 'Roof leak after storm', 3056.87, '2024-09-29'),
    ('CLM-020', 'P1011', 'CLOSED', 'Hail damage to vehicle body panels', 2105.48, '2025-11-11'),
    ('CLM-021', 'P1150', 'CLOSED', 'Windshield crack after highway debris', 2281.20, '2025-05-30'),
    ('CLM-022', 'P1011', 'OPEN', 'Water damage from burst pipe', 11777.19, '2024-11-02'),
    ('CLM-023', 'P1170', 'CLOSED', 'Rear-end collision at intersection', 10396.78, '2025-07-06'),
    ('CLM-024', 'P1019', 'IN_REVIEW', 'Water damage from burst pipe', 9163.45, '2026-01-01'),
    ('CLM-025', 'P1018', 'IN_REVIEW', 'Roof leak after storm', 3162.66, '2025-05-01'),
    ('CLM-026', 'P1024', 'CLOSED', 'Side mirror damage in parking lot', 8948.51, '2025-01-20'),
    ('CLM-027', 'P1085', 'CLOSED', 'Hail damage to vehicle body panels', 11018.42, '2026-03-29'),
    ('CLM-028', 'P1122', 'IN_REVIEW', 'Windshield crack after highway debris', 10279.67, '2024-07-21'),
    ('CLM-029', 'P1062', 'IN_REVIEW', 'Glass breakage from rock chip', 5818.57, '2024-04-16'),
    ('CLM-030', 'P1175', 'CLOSED', 'Theft of personal property from vehicle', 4144.50, '2026-04-30'),
    ('CLM-031', 'P1066', 'IN_REVIEW', 'Hail damage to vehicle body panels', 2007.49, '2026-04-28'),
    ('CLM-032', 'P1096', 'IN_REVIEW', 'Fallen tree damaged roof section', 8618.98, '2024-01-23'),
    ('CLM-033', 'P1167', 'OPEN', 'Water damage from burst pipe', 868.37, '2025-02-16'),
    ('CLM-034', 'P1198', 'IN_REVIEW', 'Fallen tree damaged roof section', 1722.21, '2025-04-20'),
    ('CLM-035', 'P1172', 'IN_REVIEW', 'Side mirror damage in parking lot', 1222.26, '2024-01-07'),
    ('CLM-036', 'P1053', 'IN_REVIEW', 'Theft of personal property from vehicle', 7100.13, '2026-03-11'),
    ('CLM-037', 'P1176', 'OPEN', 'Windshield crack after highway debris', 1331.95, '2025-08-21'),
    ('CLM-038', 'P1023', 'OPEN', 'Windshield crack after highway debris', 5584.40, '2025-03-01'),
    ('CLM-039', 'P1019', 'IN_REVIEW', 'Side mirror damage in parking lot', 4277.71, '2024-06-13'),
    ('CLM-040', 'P1116', 'IN_REVIEW', 'Theft of personal property from vehicle', 6828.49, '2026-04-23'),
    ('CLM-041', 'P1173', 'OPEN', 'Fallen tree damaged roof section', 426.49, '2025-02-04'),
    ('CLM-042', 'P1017', 'IN_REVIEW', 'Glass breakage from rock chip', 11951.79, '2024-01-06'),
    ('CLM-043', 'P1129', 'OPEN', 'Hail damage to vehicle body panels', 1339.45, '2024-02-12'),
    ('CLM-044', 'P1023', 'CLOSED', 'Rear-end collision at intersection', 5087.77, '2025-12-29'),
    ('CLM-045', 'P1122', 'OPEN', 'Fallen tree damaged roof section', 10975.30, '2024-12-19'),
    ('CLM-046', 'P1076', 'IN_REVIEW', 'Roof leak after storm', 6556.69, '2024-07-22'),
    ('CLM-047', 'P1003', 'IN_REVIEW', 'Fallen tree damaged roof section', 10765.47, '2024-10-03'),
    ('CLM-048', 'P1147', 'IN_REVIEW', 'Theft of personal property from vehicle', 834.00, '2024-05-10'),
    ('CLM-049', 'P1054', 'IN_REVIEW', 'Water damage from burst pipe', 1544.39, '2025-05-12'),
    ('CLM-050', 'P1037', 'OPEN', 'Roof leak after storm', 10732.65, '2024-07-15'),
    ('CLM-051', 'P1030', 'OPEN', 'Glass breakage from rock chip', 4290.24, '2024-07-23'),
    ('CLM-052', 'P1166', 'IN_REVIEW', 'Minor bumper scratch repaired', 9142.59, '2026-02-28'),
    ('CLM-053', 'P1026', 'OPEN', 'Glass breakage from rock chip', 1253.32, '2024-09-26'),
    ('CLM-054', 'P1033', 'IN_REVIEW', 'Side mirror damage in parking lot', 5570.45, '2025-03-27'),
    ('CLM-055', 'P1050', 'CLOSED', 'Rear-end collision at intersection', 10300.80, '2024-04-02'),
    ('CLM-056', 'P1079', 'IN_REVIEW', 'Glass breakage from rock chip', 10248.84, '2025-02-21'),
    ('CLM-057', 'P1081', 'CLOSED', 'Roof leak after storm', 9437.46, '2024-05-21'),
    ('CLM-058', 'P1183', 'IN_REVIEW', 'Theft of personal property from vehicle', 4183.28, '2024-01-05'),
    ('CLM-059', 'P1174', 'IN_REVIEW', 'Water damage from burst pipe', 6039.17, '2024-09-13'),
    ('CLM-060', 'P1092', 'CLOSED', 'Rear-end collision at intersection', 7733.57, '2026-03-23'),
    ('CLM-061', 'P1156', 'OPEN', 'Hail damage to vehicle body panels', 3029.82, '2025-05-25'),
    ('CLM-062', 'P1051', 'CLOSED', 'Minor bumper scratch repaired', 2443.68, '2026-03-06'),
    ('CLM-063', 'P1162', 'OPEN', 'Glass breakage from rock chip', 455.64, '2025-11-04'),
    ('CLM-064', 'P1010', 'IN_REVIEW', 'Hail damage to vehicle body panels', 9817.27, '2025-06-20'),
    ('CLM-065', 'P1168', 'OPEN', 'Water damage from burst pipe', 8992.60, '2025-05-18'),
    ('CLM-066', 'P1075', 'OPEN', 'Rear-end collision at intersection', 9810.93, '2024-12-29'),
    ('CLM-067', 'P1094', 'IN_REVIEW', 'Windshield crack after highway debris', 1633.50, '2025-04-09'),
    ('CLM-068', 'P1043', 'IN_REVIEW', 'Roof leak after storm', 10210.87, '2025-09-05'),
    ('CLM-069', 'P1145', 'IN_REVIEW', 'Roof leak after storm', 3085.72, '2025-02-17'),
    ('CLM-070', 'P1011', 'OPEN', 'Rear-end collision at intersection', 8071.45, '2025-11-12'),
    ('CLM-071', 'P1060', 'OPEN', 'Side mirror damage in parking lot', 4481.47, '2024-08-02'),
    ('CLM-072', 'P1121', 'CLOSED', 'Windshield crack after highway debris', 6068.49, '2025-04-24'),
    ('CLM-073', 'P1027', 'IN_REVIEW', 'Fallen tree damaged roof section', 10775.41, '2024-02-06'),
    ('CLM-074', 'P1068', 'IN_REVIEW', 'Fallen tree damaged roof section', 4630.94, '2025-08-09'),
    ('CLM-075', 'P1097', 'CLOSED', 'Glass breakage from rock chip', 6321.83, '2025-06-11'),
    ('CLM-076', 'P1065', 'CLOSED', 'Side mirror damage in parking lot', 1425.66, '2025-08-27'),
    ('CLM-077', 'P1125', 'CLOSED', 'Glass breakage from rock chip', 5931.44, '2025-04-23'),
    ('CLM-078', 'P1043', 'OPEN', 'Minor bumper scratch repaired', 2426.56, '2024-01-07'),
    ('CLM-079', 'P1039', 'OPEN', 'Roof leak after storm', 4750.27, '2025-04-21'),
    ('CLM-080', 'P1170', 'OPEN', 'Theft of personal property from vehicle', 11902.15, '2024-12-01'),
    ('CLM-081', 'P1124', 'IN_REVIEW', 'Rear-end collision at intersection', 11950.14, '2026-01-21'),
    ('CLM-082', 'P1166', 'CLOSED', 'Windshield crack after highway debris', 9829.20, '2025-03-19'),
    ('CLM-083', 'P1152', 'OPEN', 'Roof leak after storm', 2245.73, '2024-08-13'),
    ('CLM-084', 'P1038', 'OPEN', 'Roof leak after storm', 792.73, '2025-08-05'),
    ('CLM-085', 'P1104', 'IN_REVIEW', 'Glass breakage from rock chip', 3099.66, '2024-08-27'),
    ('CLM-086', 'P1170', 'CLOSED', 'Minor bumper scratch repaired', 11939.93, '2025-08-13'),
    ('CLM-087', 'P1124', 'OPEN', 'Side mirror damage in parking lot', 10087.60, '2024-07-19'),
    ('CLM-088', 'P1150', 'OPEN', 'Glass breakage from rock chip', 9994.18, '2026-02-07'),
    ('CLM-089', 'P1186', 'IN_REVIEW', 'Water damage from burst pipe', 4483.21, '2025-09-02'),
    ('CLM-090', 'P1018', 'OPEN', 'Theft of personal property from vehicle', 9923.75, '2026-05-04'),
    ('CLM-091', 'P1052', 'IN_REVIEW', 'Fallen tree damaged roof section', 1928.20, '2024-12-22'),
    ('CLM-092', 'P1025', 'OPEN', 'Rear-end collision at intersection', 2600.77, '2025-09-25'),
    ('CLM-093', 'P1137', 'IN_REVIEW', 'Minor bumper scratch repaired', 9977.40, '2026-04-14'),
    ('CLM-094', 'P1155', 'IN_REVIEW', 'Windshield crack after highway debris', 10953.16, '2024-03-27'),
    ('CLM-095', 'P1111', 'IN_REVIEW', 'Theft of personal property from vehicle', 11267.83, '2026-04-10'),
    ('CLM-096', 'P1136', 'CLOSED', 'Side mirror damage in parking lot', 861.89, '2024-12-08'),
    ('CLM-097', 'P1098', 'CLOSED', 'Glass breakage from rock chip', 8049.98, '2026-05-18'),
    ('CLM-098', 'P1026', 'CLOSED', 'Roof leak after storm', 11564.73, '2026-01-15'),
    ('CLM-099', 'P1073', 'IN_REVIEW', 'Fallen tree damaged roof section', 3959.10, '2024-08-23'),
    ('CLM-100', 'P1182', 'IN_REVIEW', 'Windshield crack after highway debris', 3246.00, '2025-01-13'),
    ('CLM-101', 'P1002', 'CLOSED', 'Side mirror damage in parking lot', 2080.66, '2025-06-19'),
    ('CLM-102', 'P1093', 'OPEN', 'Roof leak after storm', 5325.52, '2025-09-28'),
    ('CLM-103', 'P1067', 'IN_REVIEW', 'Theft of personal property from vehicle', 9740.32, '2025-01-29'),
    ('CLM-104', 'P1175', 'CLOSED', 'Side mirror damage in parking lot', 10175.35, '2025-06-06'),
    ('CLM-105', 'P1046', 'CLOSED', 'Fallen tree damaged roof section', 9285.61, '2025-01-17'),
    ('CLM-106', 'P1148', 'CLOSED', 'Theft of personal property from vehicle', 4307.39, '2025-05-28'),
    ('CLM-107', 'P1192', 'OPEN', 'Rear-end collision at intersection', 10951.15, '2025-11-12'),
    ('CLM-108', 'P1055', 'IN_REVIEW', 'Theft of personal property from vehicle', 2800.12, '2025-12-26'),
    ('CLM-109', 'P1179', 'IN_REVIEW', 'Windshield crack after highway debris', 9170.78, '2025-12-28'),
    ('CLM-110', 'P1024', 'OPEN', 'Rear-end collision at intersection', 10568.00, '2024-05-28'),
    ('CLM-111', 'P1017', 'CLOSED', 'Side mirror damage in parking lot', 7283.11, '2026-05-07'),
    ('CLM-112', 'P1186', 'CLOSED', 'Theft of personal property from vehicle', 10128.40, '2024-12-09'),
    ('CLM-113', 'P1183', 'IN_REVIEW', 'Windshield crack after highway debris', 8686.36, '2025-07-22'),
    ('CLM-114', 'P1127', 'CLOSED', 'Windshield crack after highway debris', 3021.81, '2026-05-25'),
    ('CLM-115', 'P1074', 'OPEN', 'Windshield crack after highway debris', 10912.66, '2024-07-05'),
    ('CLM-116', 'P1179', 'OPEN', 'Glass breakage from rock chip', 8514.66, '2025-12-26'),
    ('CLM-117', 'P1062', 'IN_REVIEW', 'Windshield crack after highway debris', 740.46, '2024-06-05'),
    ('CLM-118', 'P1200', 'CLOSED', 'Water damage from burst pipe', 1572.35, '2026-06-22'),
    ('CLM-119', 'P1052', 'IN_REVIEW', 'Windshield crack after highway debris', 6792.75, '2025-09-12'),
    ('CLM-120', 'P1141', 'CLOSED', 'Fallen tree damaged roof section', 1274.11, '2025-11-13'),
    ('CLM-121', 'P1071', 'OPEN', 'Glass breakage from rock chip', 5853.44, '2026-04-27'),
    ('CLM-122', 'P1148', 'OPEN', 'Hail damage to vehicle body panels', 7600.51, '2026-06-10'),
    ('CLM-123', 'P1144', 'OPEN', 'Fallen tree damaged roof section', 8444.13, '2024-06-11'),
    ('CLM-124', 'P1066', 'IN_REVIEW', 'Glass breakage from rock chip', 2067.65, '2024-09-29'),
    ('CLM-125', 'P1145', 'CLOSED', 'Side mirror damage in parking lot', 7404.48, '2024-08-19'),
    ('CLM-126', 'P1118', 'IN_REVIEW', 'Windshield crack after highway debris', 7667.87, '2025-12-02'),
    ('CLM-127', 'P1098', 'IN_REVIEW', 'Side mirror damage in parking lot', 4374.80, '2025-03-22'),
    ('CLM-128', 'P1106', 'CLOSED', 'Fallen tree damaged roof section', 3917.40, '2025-09-18'),
    ('CLM-129', 'P1064', 'CLOSED', 'Minor bumper scratch repaired', 11632.33, '2025-05-11'),
    ('CLM-130', 'P1142', 'OPEN', 'Rear-end collision at intersection', 5753.90, '2025-01-04'),
    ('CLM-131', 'P1069', 'OPEN', 'Side mirror damage in parking lot', 3730.73, '2024-10-17'),
    ('CLM-132', 'P1189', 'OPEN', 'Hail damage to vehicle body panels', 3421.30, '2025-04-07'),
    ('CLM-133', 'P1159', 'CLOSED', 'Roof leak after storm', 3472.31, '2024-07-10'),
    ('CLM-134', 'P1174', 'IN_REVIEW', 'Rear-end collision at intersection', 2114.10, '2025-12-22'),
    ('CLM-135', 'P1124', 'CLOSED', 'Glass breakage from rock chip', 9021.50, '2025-07-22'),
    ('CLM-136', 'P1126', 'OPEN', 'Fallen tree damaged roof section', 9562.35, '2024-10-19'),
    ('CLM-137', 'P1148', 'OPEN', 'Windshield crack after highway debris', 3788.96, '2024-09-16'),
    ('CLM-138', 'P1139', 'OPEN', 'Fallen tree damaged roof section', 7083.61, '2025-05-01'),
    ('CLM-139', 'P1045', 'CLOSED', 'Minor bumper scratch repaired', 11394.99, '2024-11-17'),
    ('CLM-140', 'P1177', 'OPEN', 'Windshield crack after highway debris', 7687.40, '2025-10-08'),
    ('CLM-141', 'P1026', 'CLOSED', 'Water damage from burst pipe', 6366.74, '2025-09-16'),
    ('CLM-142', 'P1141', 'CLOSED', 'Side mirror damage in parking lot', 4404.23, '2025-07-21'),
    ('CLM-143', 'P1094', 'OPEN', 'Rear-end collision at intersection', 10194.43, '2024-09-06'),
    ('CLM-144', 'P1193', 'CLOSED', 'Water damage from burst pipe', 7016.89, '2025-01-27'),
    ('CLM-145', 'P1047', 'IN_REVIEW', 'Roof leak after storm', 4731.57, '2026-03-02'),
    ('CLM-146', 'P1026', 'IN_REVIEW', 'Hail damage to vehicle body panels', 11389.29, '2026-06-25'),
    ('CLM-147', 'P1098', 'OPEN', 'Roof leak after storm', 9248.55, '2026-01-14'),
    ('CLM-148', 'P1003', 'OPEN', 'Theft of personal property from vehicle', 2600.60, '2026-01-10'),
    ('CLM-149', 'P1137', 'IN_REVIEW', 'Water damage from burst pipe', 10482.66, '2025-04-07'),
    ('CLM-150', 'P1144', 'IN_REVIEW', 'Windshield crack after highway debris', 5065.32, '2025-12-28'),
    ('CLM-151', 'P1016', 'OPEN', 'Hail damage to vehicle body panels', 11463.20, '2025-01-03'),
    ('CLM-152', 'P1116', 'IN_REVIEW', 'Water damage from burst pipe', 10469.12, '2025-03-17'),
    ('CLM-153', 'P1143', 'CLOSED', 'Water damage from burst pipe', 6053.71, '2024-08-28'),
    ('CLM-154', 'P1174', 'IN_REVIEW', 'Side mirror damage in parking lot', 2136.44, '2024-01-19'),
    ('CLM-155', 'P1138', 'OPEN', 'Hail damage to vehicle body panels', 10797.83, '2025-06-18'),
    ('CLM-156', 'P1125', 'IN_REVIEW', 'Rear-end collision at intersection', 11179.65, '2024-11-24'),
    ('CLM-157', 'P1074', 'CLOSED', 'Roof leak after storm', 6393.78, '2026-04-03'),
    ('CLM-158', 'P1108', 'IN_REVIEW', 'Glass breakage from rock chip', 10645.43, '2026-03-15'),
    ('CLM-159', 'P1042', 'CLOSED', 'Side mirror damage in parking lot', 1318.10, '2025-06-13'),
    ('CLM-160', 'P1182', 'CLOSED', 'Glass breakage from rock chip', 10848.37, '2024-10-17'),
    ('CLM-161', 'P1200', 'CLOSED', 'Glass breakage from rock chip', 4594.56, '2025-08-19'),
    ('CLM-162', 'P1043', 'OPEN', 'Windshield crack after highway debris', 7527.52, '2025-04-27'),
    ('CLM-163', 'P1065', 'IN_REVIEW', 'Minor bumper scratch repaired', 3994.84, '2024-04-25'),
    ('CLM-164', 'P1025', 'OPEN', 'Rear-end collision at intersection', 6655.13, '2024-07-13'),
    ('CLM-165', 'P1102', 'IN_REVIEW', 'Minor bumper scratch repaired', 581.98, '2025-05-22'),
    ('CLM-166', 'P1022', 'IN_REVIEW', 'Theft of personal property from vehicle', 10276.19, '2024-04-06'),
    ('CLM-167', 'P1073', 'CLOSED', 'Roof leak after storm', 4203.94, '2024-10-13'),
    ('CLM-168', 'P1009', 'IN_REVIEW', 'Water damage from burst pipe', 2945.30, '2024-05-01'),
    ('CLM-169', 'P1120', 'IN_REVIEW', 'Hail damage to vehicle body panels', 5478.60, '2026-03-07'),
    ('CLM-170', 'P1139', 'OPEN', 'Glass breakage from rock chip', 2363.89, '2025-05-22'),
    ('CLM-171', 'P1163', 'IN_REVIEW', 'Theft of personal property from vehicle', 10489.95, '2025-07-07'),
    ('CLM-172', 'P1080', 'CLOSED', 'Rear-end collision at intersection', 10628.68, '2025-04-29'),
    ('CLM-173', 'P1079', 'CLOSED', 'Theft of personal property from vehicle', 1617.56, '2025-05-14'),
    ('CLM-174', 'P1001', 'IN_REVIEW', 'Roof leak after storm', 5123.10, '2024-08-28'),
    ('CLM-175', 'P1003', 'IN_REVIEW', 'Rear-end collision at intersection', 7837.68, '2024-11-14'),
    ('CLM-176', 'P1003', 'CLOSED', 'Hail damage to vehicle body panels', 7966.38, '2026-05-26'),
    ('CLM-177', 'P1096', 'OPEN', 'Theft of personal property from vehicle', 268.70, '2025-07-06'),
    ('CLM-178', 'P1064', 'OPEN', 'Theft of personal property from vehicle', 7311.50, '2026-03-27'),
    ('CLM-179', 'P1021', 'CLOSED', 'Side mirror damage in parking lot', 3764.33, '2026-02-06'),
    ('CLM-180', 'P1176', 'CLOSED', 'Hail damage to vehicle body panels', 10196.88, '2025-04-23'),
    ('CLM-181', 'P1106', 'OPEN', 'Minor bumper scratch repaired', 8865.34, '2025-08-23'),
    ('CLM-182', 'P1164', 'CLOSED', 'Glass breakage from rock chip', 4894.14, '2024-06-17'),
    ('CLM-183', 'P1126', 'OPEN', 'Water damage from burst pipe', 11626.79, '2025-02-23'),
    ('CLM-184', 'P1006', 'OPEN', 'Minor bumper scratch repaired', 963.68, '2024-01-18'),
    ('CLM-185', 'P1113', 'IN_REVIEW', 'Windshield crack after highway debris', 2198.91, '2024-09-18'),
    ('CLM-186', 'P1127', 'OPEN', 'Water damage from burst pipe', 2618.10, '2024-08-03'),
    ('CLM-187', 'P1119', 'IN_REVIEW', 'Windshield crack after highway debris', 8315.47, '2025-01-24'),
    ('CLM-188', 'P1069', 'CLOSED', 'Minor bumper scratch repaired', 2543.70, '2024-11-01'),
    ('CLM-189', 'P1065', 'CLOSED', 'Windshield crack after highway debris', 3125.24, '2025-05-17'),
    ('CLM-190', 'P1099', 'CLOSED', 'Side mirror damage in parking lot', 11859.31, '2024-04-22'),
    ('CLM-191', 'P1118', 'IN_REVIEW', 'Minor bumper scratch repaired', 699.25, '2025-11-14'),
    ('CLM-192', 'P1100', 'IN_REVIEW', 'Hail damage to vehicle body panels', 3565.60, '2025-04-27'),
    ('CLM-193', 'P1187', 'OPEN', 'Fallen tree damaged roof section', 2748.80, '2026-05-16'),
    ('CLM-194', 'P1164', 'CLOSED', 'Side mirror damage in parking lot', 4300.61, '2025-04-27'),
    ('CLM-195', 'P1056', 'OPEN', 'Side mirror damage in parking lot', 1003.85, '2024-11-29'),
    ('CLM-196', 'P1043', 'CLOSED', 'Glass breakage from rock chip', 5466.10, '2025-08-09'),
    ('CLM-197', 'P1011', 'IN_REVIEW', 'Rear-end collision at intersection', 4132.10, '2024-04-20'),
    ('CLM-198', 'P1198', 'OPEN', 'Side mirror damage in parking lot', 2689.47, '2025-09-29'),
    ('CLM-199', 'P1159', 'CLOSED', 'Windshield crack after highway debris', 1647.87, '2024-05-26'),
    ('CLM-200', 'P1180', 'IN_REVIEW', 'Minor bumper scratch repaired', 10710.19, '2024-02-25');

COMMIT;
